{
    "c87a6aba-757a0a27.jpg": {
        "tp": 0,
        "fp": 1,
        "fn": 7,
        "precision": 0.0,
        "recall": 0.0,
        "f1": 0.0,
        "num_gt": 7
    },
    "bbce4e17-9ff136be.jpg": {
        "tp": 0,
        "fp": 8,
        "fn": 1,
        "precision": 0.0,
        "recall": 0.0,
        "f1": 0.0,
        "num_gt": 1
    },
    "c01c313b-e0b15fa2.jpg": {
        "tp": 0,
        "fp": 16,
        "fn": 5,
        "precision": 0.0,
        "recall": 0.0,
        "f1": 0.0,
        "num_gt": 5
    },
    "bcaf73c1-9c01f981.jpg": {
        "tp": 9,
        "fp": 17,
        "fn": 8,
        "precision": 0.34615384615384615,
        "recall": 0.5294117647058824,
        "f1": 0.4186046511627907,
        "num_gt": 17
    },
    "c58d52cb-63d66bf4.jpg": {
        "tp": 6,
        "fp": 11,
        "fn": 22,
        "precision": 0.35294117647058826,
        "recall": 0.21428571428571427,
        "f1": 0.26666666666666666,
        "num_gt": 28
    },
    "bb289fdb-b6763201.jpg": {
        "tp": 5,
        "fp": 14,
        "fn": 4,
        "precision": 0.2631578947368421,
        "recall": 0.5555555555555556,
        "f1": 0.35714285714285715,
        "num_gt": 9
    },
    "c88a29cf-4acca487.jpg": {
        "tp": 4,
        "fp": 6,
        "fn": 7,
        "precision": 0.4,
        "recall": 0.36363636363636365,
        "f1": 0.38095238095238093,
        "num_gt": 11
    },
    "beff1d1c-cd927d17.jpg": {
        "tp": 2,
        "fp": 18,
        "fn": 12,
        "precision": 0.1,
        "recall": 0.14285714285714285,
        "f1": 0.11764705882352941,
        "num_gt": 14
    },
    "ba6f0064-18848d0f.jpg": {
        "tp": 3,
        "fp": 5,
        "fn": 2,
        "precision": 0.375,
        "recall": 0.6,
        "f1": 0.46153846153846156,
        "num_gt": 5
    },
    "c3968de8-bd6747f5.jpg": {
        "tp": 12,
        "fp": 16,
        "fn": 10,
        "precision": 0.42857142857142855,
        "recall": 0.5454545454545454,
        "f1": 0.48,
        "num_gt": 22
    },
    "b99c5931-834bb88c.jpg": {
        "tp": 2,
        "fp": 11,
        "fn": 2,
        "precision": 0.15384615384615385,
        "recall": 0.5,
        "f1": 0.23529411764705882,
        "num_gt": 4
    },
    "c836d9b9-215a90eb.jpg": {
        "tp": 3,
        "fp": 2,
        "fn": 4,
        "precision": 0.6,
        "recall": 0.42857142857142855,
        "f1": 0.5,
        "num_gt": 7
    },
    "bc308aee-b3a48c42.jpg": {
        "tp": 5,
        "fp": 8,
        "fn": 4,
        "precision": 0.38461538461538464,
        "recall": 0.5555555555555556,
        "f1": 0.45454545454545453,
        "num_gt": 9
    },
    "c4dab4e2-6c4805a2.jpg": {
        "tp": 4,
        "fp": 8,
        "fn": 1,
        "precision": 0.3333333333333333,
        "recall": 0.8,
        "f1": 0.47058823529411764,
        "num_gt": 5
    },
    "b510fa10-390f3d97.jpg": {
        "tp": 2,
        "fp": 26,
        "fn": 3,
        "precision": 0.07142857142857142,
        "recall": 0.4,
        "f1": 0.12121212121212122,
        "num_gt": 5
    },
    "b4c86653-a1c9c48e.jpg": {
        "tp": 1,
        "fp": 5,
        "fn": 2,
        "precision": 0.16666666666666666,
        "recall": 0.3333333333333333,
        "f1": 0.2222222222222222,
        "num_gt": 3
    },
    "b60011a3-fff85077.jpg": {
        "tp": 7,
        "fp": 12,
        "fn": 5,
        "precision": 0.3684210526315789,
        "recall": 0.5833333333333334,
        "f1": 0.45161290322580644,
        "num_gt": 12
    },
    "b8c0d4a5-e8d3393a.jpg": {
        "tp": 3,
        "fp": 10,
        "fn": 6,
        "precision": 0.23076923076923078,
        "recall": 0.3333333333333333,
        "f1": 0.2727272727272727,
        "num_gt": 9
    },
    "c77c73fc-465be2e8.jpg": {
        "tp": 7,
        "fp": 5,
        "fn": 2,
        "precision": 0.5833333333333334,
        "recall": 0.7777777777777778,
        "f1": 0.6666666666666666,
        "num_gt": 9
    },
    "c0568203-456be7fe.jpg": {
        "tp": 3,
        "fp": 2,
        "fn": 5,
        "precision": 0.6,
        "recall": 0.375,
        "f1": 0.46153846153846156,
        "num_gt": 8
    },
    "c159a842-cdc7a8cd.jpg": {
        "tp": 7,
        "fp": 12,
        "fn": 3,
        "precision": 0.3684210526315789,
        "recall": 0.7,
        "f1": 0.4827586206896552,
        "num_gt": 10
    },
    "c4742900-5be69e5b.jpg": {
        "tp": 0,
        "fp": 11,
        "fn": 2,
        "precision": 0.0,
        "recall": 0.0,
        "f1": 0.0,
        "num_gt": 2
    },
    "c6ef5bc4-1ce53885.jpg": {
        "tp": 2,
        "fp": 5,
        "fn": 2,
        "precision": 0.2857142857142857,
        "recall": 0.5,
        "f1": 0.36363636363636365,
        "num_gt": 4
    },
    "c2c8b275-cd37b639.jpg": {
        "tp": 4,
        "fp": 11,
        "fn": 3,
        "precision": 0.26666666666666666,
        "recall": 0.5714285714285714,
        "f1": 0.36363636363636365,
        "num_gt": 7
    }
}