{
    "c87a6aba-757a0a27.jpg": {
        "tp": 1,
        "fp": 1,
        "fn": 6,
        "precision": 0.5,
        "recall": 0.14285714285714285,
        "f1": 0.2222222222222222,
        "num_gt": 7
    },
    "bbce4e17-9ff136be.jpg": {
        "tp": 1,
        "fp": 8,
        "fn": 0,
        "precision": 0.1111111111111111,
        "recall": 1.0,
        "f1": 0.2,
        "num_gt": 1
    },
    "c01c313b-e0b15fa2.jpg": {
        "tp": 0,
        "fp": 4,
        "fn": 5,
        "precision": 0.0,
        "recall": 0.0,
        "f1": 0.0,
        "num_gt": 5
    },
    "bcaf73c1-9c01f981.jpg": {
        "tp": 8,
        "fp": 12,
        "fn": 9,
        "precision": 0.4,
        "recall": 0.47058823529411764,
        "f1": 0.43243243243243246,
        "num_gt": 17
    },
    "c58d52cb-63d66bf4.jpg": {
        "tp": 8,
        "fp": 6,
        "fn": 20,
        "precision": 0.5714285714285714,
        "recall": 0.2857142857142857,
        "f1": 0.38095238095238093,
        "num_gt": 28
    },
    "bb289fdb-b6763201.jpg": {
        "tp": 1,
        "fp": 12,
        "fn": 8,
        "precision": 0.07692307692307693,
        "recall": 0.1111111111111111,
        "f1": 0.09090909090909091,
        "num_gt": 9
    },
    "c88a29cf-4acca487.jpg": {
        "tp": 4,
        "fp": 6,
        "fn": 7,
        "precision": 0.4,
        "recall": 0.36363636363636365,
        "f1": 0.38095238095238093,
        "num_gt": 11
    },
    "beff1d1c-cd927d17.jpg": {
        "tp": 2,
        "fp": 17,
        "fn": 12,
        "precision": 0.10526315789473684,
        "recall": 0.14285714285714285,
        "f1": 0.12121212121212122,
        "num_gt": 14
    },
    "ba6f0064-18848d0f.jpg": {
        "tp": 2,
        "fp": 4,
        "fn": 3,
        "precision": 0.3333333333333333,
        "recall": 0.4,
        "f1": 0.36363636363636365,
        "num_gt": 5
    },
    "c3968de8-bd6747f5.jpg": {
        "tp": 9,
        "fp": 14,
        "fn": 13,
        "precision": 0.391304347826087,
        "recall": 0.4090909090909091,
        "f1": 0.4,
        "num_gt": 22
    },
    "b99c5931-834bb88c.jpg": {
        "tp": 2,
        "fp": 11,
        "fn": 2,
        "precision": 0.15384615384615385,
        "recall": 0.5,
        "f1": 0.23529411764705882,
        "num_gt": 4
    },
    "c836d9b9-215a90eb.jpg": {
        "tp": 2,
        "fp": 2,
        "fn": 5,
        "precision": 0.5,
        "recall": 0.2857142857142857,
        "f1": 0.36363636363636365,
        "num_gt": 7
    },
    "bc308aee-b3a48c42.jpg": {
        "tp": 6,
        "fp": 16,
        "fn": 3,
        "precision": 0.2727272727272727,
        "recall": 0.6666666666666666,
        "f1": 0.3870967741935484,
        "num_gt": 9
    },
    "c4dab4e2-6c4805a2.jpg": {
        "tp": 3,
        "fp": 8,
        "fn": 2,
        "precision": 0.2727272727272727,
        "recall": 0.6,
        "f1": 0.375,
        "num_gt": 5
    },
    "b510fa10-390f3d97.jpg": {
        "tp": 2,
        "fp": 17,
        "fn": 3,
        "precision": 0.10526315789473684,
        "recall": 0.4,
        "f1": 0.16666666666666666,
        "num_gt": 5
    },
    "b4c86653-a1c9c48e.jpg": {
        "tp": 2,
        "fp": 2,
        "fn": 1,
        "precision": 0.5,
        "recall": 0.6666666666666666,
        "f1": 0.5714285714285714,
        "num_gt": 3
    },
    "b60011a3-fff85077.jpg": {
        "tp": 10,
        "fp": 13,
        "fn": 2,
        "precision": 0.43478260869565216,
        "recall": 0.8333333333333334,
        "f1": 0.5714285714285714,
        "num_gt": 12
    },
    "b8c0d4a5-e8d3393a.jpg": {
        "tp": 2,
        "fp": 10,
        "fn": 7,
        "precision": 0.16666666666666666,
        "recall": 0.2222222222222222,
        "f1": 0.19047619047619047,
        "num_gt": 9
    },
    "c77c73fc-465be2e8.jpg": {
        "tp": 6,
        "fp": 8,
        "fn": 3,
        "precision": 0.42857142857142855,
        "recall": 0.6666666666666666,
        "f1": 0.5217391304347826,
        "num_gt": 9
    },
    "c0568203-456be7fe.jpg": {
        "tp": 2,
        "fp": 8,
        "fn": 6,
        "precision": 0.2,
        "recall": 0.25,
        "f1": 0.2222222222222222,
        "num_gt": 8
    },
    "c159a842-cdc7a8cd.jpg": {
        "tp": 6,
        "fp": 8,
        "fn": 4,
        "precision": 0.42857142857142855,
        "recall": 0.6,
        "f1": 0.5,
        "num_gt": 10
    },
    "c4742900-5be69e5b.jpg": {
        "tp": 0,
        "fp": 14,
        "fn": 2,
        "precision": 0.0,
        "recall": 0.0,
        "f1": 0.0,
        "num_gt": 2
    },
    "c6ef5bc4-1ce53885.jpg": {
        "tp": 2,
        "fp": 13,
        "fn": 2,
        "precision": 0.13333333333333333,
        "recall": 0.5,
        "f1": 0.21052631578947367,
        "num_gt": 4
    },
    "c2c8b275-cd37b639.jpg": {
        "tp": 4,
        "fp": 5,
        "fn": 3,
        "precision": 0.4444444444444444,
        "recall": 0.5714285714285714,
        "f1": 0.5,
        "num_gt": 7
    }
}