{
    "bab692c9-35904fdb.jpg": {
        "tp": 13,
        "fp": 0,
        "fn": 0,
        "precision": 1.0,
        "recall": 1.0,
        "f1": 1.0,
        "num_gt": 13
    },
    "bcfdd6af-c3d0b55a.jpg": {
        "tp": 3,
        "fp": 4,
        "fn": 1,
        "precision": 0.42857142857142855,
        "recall": 0.75,
        "f1": 0.5454545454545454,
        "num_gt": 4
    },
    "b5cd3939-a7dffd2d.jpg": {
        "tp": 7,
        "fp": 2,
        "fn": 1,
        "precision": 0.7777777777777778,
        "recall": 0.875,
        "f1": 0.8235294117647058,
        "num_gt": 8
    },
    "c155b6d9-8938e3d3.jpg": {
        "tp": 7,
        "fp": 0,
        "fn": 0,
        "precision": 1.0,
        "recall": 1.0,
        "f1": 1.0,
        "num_gt": 7
    },
    "c3cd662f-4d6d3e82.jpg": {
        "tp": 3,
        "fp": 4,
        "fn": 1,
        "precision": 0.42857142857142855,
        "recall": 0.75,
        "f1": 0.5454545454545454,
        "num_gt": 4
    },
    "bf9e3b67-7c3ff8f9.jpg": {
        "tp": 5,
        "fp": 2,
        "fn": 1,
        "precision": 0.7142857142857143,
        "recall": 0.8333333333333334,
        "f1": 0.7692307692307693,
        "num_gt": 6
    },
    "c3714b40-1610471f.jpg": {
        "tp": 13,
        "fp": 10,
        "fn": 4,
        "precision": 0.5652173913043478,
        "recall": 0.7647058823529411,
        "f1": 0.65,
        "num_gt": 17
    },
    "bf42f468-f2b3301f.jpg": {
        "tp": 6,
        "fp": 16,
        "fn": 1,
        "precision": 0.2727272727272727,
        "recall": 0.8571428571428571,
        "f1": 0.41379310344827586,
        "num_gt": 7
    },
    "c57cda5b-92fa0083.jpg": {
        "tp": 5,
        "fp": 1,
        "fn": 1,
        "precision": 0.8333333333333334,
        "recall": 0.8333333333333334,
        "f1": 0.8333333333333334,
        "num_gt": 6
    },
    "c9123546-b647e40f.jpg": {
        "tp": 2,
        "fp": 2,
        "fn": 1,
        "precision": 0.5,
        "recall": 0.6666666666666666,
        "f1": 0.5714285714285714,
        "num_gt": 3
    },
    "c150197f-f934a129.jpg": {
        "tp": 7,
        "fp": 7,
        "fn": 1,
        "precision": 0.5,
        "recall": 0.875,
        "f1": 0.6363636363636364,
        "num_gt": 8
    },
    "bf5ea8d2-108ab9c6.jpg": {
        "tp": 9,
        "fp": 18,
        "fn": 4,
        "precision": 0.3333333333333333,
        "recall": 0.6923076923076923,
        "f1": 0.45,
        "num_gt": 13
    },
    "bbfa7b2b-9c71f471.jpg": {
        "tp": 23,
        "fp": 11,
        "fn": 5,
        "precision": 0.6764705882352942,
        "recall": 0.8214285714285714,
        "f1": 0.7419354838709677,
        "num_gt": 28
    },
    "c49c8353-859a1bd7.jpg": {
        "tp": 9,
        "fp": 7,
        "fn": 6,
        "precision": 0.5625,
        "recall": 0.6,
        "f1": 0.5806451612903226,
        "num_gt": 15
    },
    "b7cf9504-dfc7bd99.jpg": {
        "tp": 14,
        "fp": 18,
        "fn": 1,
        "precision": 0.4375,
        "recall": 0.9333333333333333,
        "f1": 0.5957446808510638,
        "num_gt": 15
    },
    "b953a340-298cb3fb.jpg": {
        "tp": 10,
        "fp": 6,
        "fn": 1,
        "precision": 0.625,
        "recall": 0.9090909090909091,
        "f1": 0.7407407407407407,
        "num_gt": 11
    },
    "b8fe1054-42625c45.jpg": {
        "tp": 11,
        "fp": 13,
        "fn": 7,
        "precision": 0.4583333333333333,
        "recall": 0.6111111111111112,
        "f1": 0.5238095238095238,
        "num_gt": 18
    },
    "c7d8260d-e1f6b3f8.jpg": {
        "tp": 15,
        "fp": 9,
        "fn": 4,
        "precision": 0.625,
        "recall": 0.7894736842105263,
        "f1": 0.6976744186046512,
        "num_gt": 19
    },
    "c05703f8-d4391e9d.jpg": {
        "tp": 9,
        "fp": 10,
        "fn": 0,
        "precision": 0.47368421052631576,
        "recall": 1.0,
        "f1": 0.6428571428571429,
        "num_gt": 9
    },
    "bb541ef2-1c0906c0.jpg": {
        "tp": 10,
        "fp": 13,
        "fn": 7,
        "precision": 0.43478260869565216,
        "recall": 0.5882352941176471,
        "f1": 0.5,
        "num_gt": 17
    },
    "b50ff9e2-ebb775d4.jpg": {
        "tp": 10,
        "fp": 7,
        "fn": 4,
        "precision": 0.5882352941176471,
        "recall": 0.7142857142857143,
        "f1": 0.6451612903225806,
        "num_gt": 14
    },
    "c911f50f-e7958776.jpg": {
        "tp": 12,
        "fp": 16,
        "fn": 4,
        "precision": 0.42857142857142855,
        "recall": 0.75,
        "f1": 0.5454545454545454,
        "num_gt": 16
    },
    "b982723f-84848a7f.jpg": {
        "tp": 11,
        "fp": 16,
        "fn": 8,
        "precision": 0.4074074074074074,
        "recall": 0.5789473684210527,
        "f1": 0.4782608695652174,
        "num_gt": 19
    },
    "bd4c1d7e-24700e36.jpg": {
        "tp": 3,
        "fp": 6,
        "fn": 2,
        "precision": 0.3333333333333333,
        "recall": 0.6,
        "f1": 0.42857142857142855,
        "num_gt": 5
    }
}