{
    "c01c313b-e0b15fa2.jpg": {
        "tp": 0,
        "fp": 3,
        "fn": 5,
        "precision": 0.0,
        "recall": 0.0,
        "f1": 0.0,
        "num_gt": 5
    },
    "bcaf73c1-9c01f981.jpg": {
        "tp": 1,
        "fp": 2,
        "fn": 16,
        "precision": 0.3333333333333333,
        "recall": 0.058823529411764705,
        "f1": 0.1,
        "num_gt": 17
    },
    "c58d52cb-63d66bf4.jpg": {
        "tp": 3,
        "fp": 1,
        "fn": 25,
        "precision": 0.75,
        "recall": 0.10714285714285714,
        "f1": 0.1875,
        "num_gt": 28
    },
    "bb289fdb-b6763201.jpg": {
        "tp": 1,
        "fp": 1,
        "fn": 8,
        "precision": 0.5,
        "recall": 0.1111111111111111,
        "f1": 0.18181818181818182,
        "num_gt": 9
    },
    "c88a29cf-4acca487.jpg": {
        "tp": 2,
        "fp": 1,
        "fn": 9,
        "precision": 0.6666666666666666,
        "recall": 0.18181818181818182,
        "f1": 0.2857142857142857,
        "num_gt": 11
    },
    "beff1d1c-cd927d17.jpg": {
        "tp": 1,
        "fp": 1,
        "fn": 13,
        "precision": 0.5,
        "recall": 0.07142857142857142,
        "f1": 0.125,
        "num_gt": 14
    },
    "c3968de8-bd6747f5.jpg": {
        "tp": 1,
        "fp": 1,
        "fn": 21,
        "precision": 0.5,
        "recall": 0.045454545454545456,
        "f1": 0.08333333333333333,
        "num_gt": 22
    },
    "c836d9b9-215a90eb.jpg": {
        "tp": 2,
        "fp": 0,
        "fn": 5,
        "precision": 1.0,
        "recall": 0.2857142857142857,
        "f1": 0.4444444444444444,
        "num_gt": 7
    },
    "bc308aee-b3a48c42.jpg": {
        "tp": 5,
        "fp": 12,
        "fn": 4,
        "precision": 0.29411764705882354,
        "recall": 0.5555555555555556,
        "f1": 0.38461538461538464,
        "num_gt": 9
    },
    "c4dab4e2-6c4805a2.jpg": {
        "tp": 0,
        "fp": 1,
        "fn": 5,
        "precision": 0.0,
        "recall": 0.0,
        "f1": 0.0,
        "num_gt": 5
    },
    "b510fa10-390f3d97.jpg": {
        "tp": 1,
        "fp": 8,
        "fn": 4,
        "precision": 0.1111111111111111,
        "recall": 0.2,
        "f1": 0.14285714285714285,
        "num_gt": 5
    },
    "b4c86653-a1c9c48e.jpg": {
        "tp": 0,
        "fp": 1,
        "fn": 3,
        "precision": 0.0,
        "recall": 0.0,
        "f1": 0.0,
        "num_gt": 3
    },
    "b60011a3-fff85077.jpg": {
        "tp": 2,
        "fp": 3,
        "fn": 10,
        "precision": 0.4,
        "recall": 0.16666666666666666,
        "f1": 0.23529411764705882,
        "num_gt": 12
    },
    "b8c0d4a5-e8d3393a.jpg": {
        "tp": 2,
        "fp": 5,
        "fn": 7,
        "precision": 0.2857142857142857,
        "recall": 0.2222222222222222,
        "f1": 0.25,
        "num_gt": 9
    },
    "c77c73fc-465be2e8.jpg": {
        "tp": 2,
        "fp": 0,
        "fn": 7,
        "precision": 1.0,
        "recall": 0.2222222222222222,
        "f1": 0.36363636363636365,
        "num_gt": 9
    },
    "c0568203-456be7fe.jpg": {
        "tp": 1,
        "fp": 1,
        "fn": 7,
        "precision": 0.5,
        "recall": 0.125,
        "f1": 0.2,
        "num_gt": 8
    },
    "c159a842-cdc7a8cd.jpg": {
        "tp": 2,
        "fp": 8,
        "fn": 8,
        "precision": 0.2,
        "recall": 0.2,
        "f1": 0.2,
        "num_gt": 10
    },
    "c4742900-5be69e5b.jpg": {
        "tp": 0,
        "fp": 1,
        "fn": 2,
        "precision": 0.0,
        "recall": 0.0,
        "f1": 0.0,
        "num_gt": 2
    },
    "c2c8b275-cd37b639.jpg": {
        "tp": 2,
        "fp": 4,
        "fn": 5,
        "precision": 0.3333333333333333,
        "recall": 0.2857142857142857,
        "f1": 0.3076923076923077,
        "num_gt": 7
    }
}