{
    "bbce4e17-9ff136be.jpg": {
        "tp": 1,
        "fp": 8,
        "fn": 0,
        "precision": 0.1111111111111111,
        "recall": 1.0,
        "f1": 0.2,
        "num_gt": 1
    },
    "c01c313b-e0b15fa2.jpg": {
        "tp": 0,
        "fp": 13,
        "fn": 5,
        "precision": 0.0,
        "recall": 0.0,
        "f1": 0.0,
        "num_gt": 5
    },
    "bcaf73c1-9c01f981.jpg": {
        "tp": 8,
        "fp": 17,
        "fn": 9,
        "precision": 0.32,
        "recall": 0.47058823529411764,
        "f1": 0.38095238095238093,
        "num_gt": 17
    },
    "c58d52cb-63d66bf4.jpg": {
        "tp": 8,
        "fp": 8,
        "fn": 20,
        "precision": 0.5,
        "recall": 0.2857142857142857,
        "f1": 0.36363636363636365,
        "num_gt": 28
    },
    "bb289fdb-b6763201.jpg": {
        "tp": 3,
        "fp": 12,
        "fn": 6,
        "precision": 0.2,
        "recall": 0.3333333333333333,
        "f1": 0.25,
        "num_gt": 9
    },
    "c88a29cf-4acca487.jpg": {
        "tp": 8,
        "fp": 12,
        "fn": 3,
        "precision": 0.4,
        "recall": 0.7272727272727273,
        "f1": 0.5161290322580645,
        "num_gt": 11
    },
    "beff1d1c-cd927d17.jpg": {
        "tp": 1,
        "fp": 18,
        "fn": 13,
        "precision": 0.05263157894736842,
        "recall": 0.07142857142857142,
        "f1": 0.06060606060606061,
        "num_gt": 14
    },
    "ba6f0064-18848d0f.jpg": {
        "tp": 0,
        "fp": 8,
        "fn": 5,
        "precision": 0.0,
        "recall": 0.0,
        "f1": 0.0,
        "num_gt": 5
    },
    "c3968de8-bd6747f5.jpg": {
        "tp": 10,
        "fp": 14,
        "fn": 12,
        "precision": 0.4166666666666667,
        "recall": 0.45454545454545453,
        "f1": 0.43478260869565216,
        "num_gt": 22
    },
    "b99c5931-834bb88c.jpg": {
        "tp": 1,
        "fp": 6,
        "fn": 3,
        "precision": 0.14285714285714285,
        "recall": 0.25,
        "f1": 0.18181818181818182,
        "num_gt": 4
    },
    "c836d9b9-215a90eb.jpg": {
        "tp": 4,
        "fp": 1,
        "fn": 3,
        "precision": 0.8,
        "recall": 0.5714285714285714,
        "f1": 0.6666666666666666,
        "num_gt": 7
    },
    "bc308aee-b3a48c42.jpg": {
        "tp": 7,
        "fp": 12,
        "fn": 2,
        "precision": 0.3684210526315789,
        "recall": 0.7777777777777778,
        "f1": 0.5,
        "num_gt": 9
    },
    "c4dab4e2-6c4805a2.jpg": {
        "tp": 3,
        "fp": 7,
        "fn": 2,
        "precision": 0.3,
        "recall": 0.6,
        "f1": 0.4,
        "num_gt": 5
    },
    "b510fa10-390f3d97.jpg": {
        "tp": 3,
        "fp": 8,
        "fn": 2,
        "precision": 0.2727272727272727,
        "recall": 0.6,
        "f1": 0.375,
        "num_gt": 5
    },
    "b4c86653-a1c9c48e.jpg": {
        "tp": 2,
        "fp": 4,
        "fn": 1,
        "precision": 0.3333333333333333,
        "recall": 0.6666666666666666,
        "f1": 0.4444444444444444,
        "num_gt": 3
    },
    "b60011a3-fff85077.jpg": {
        "tp": 10,
        "fp": 14,
        "fn": 2,
        "precision": 0.4166666666666667,
        "recall": 0.8333333333333334,
        "f1": 0.5555555555555556,
        "num_gt": 12
    },
    "b8c0d4a5-e8d3393a.jpg": {
        "tp": 3,
        "fp": 12,
        "fn": 6,
        "precision": 0.2,
        "recall": 0.3333333333333333,
        "f1": 0.25,
        "num_gt": 9
    },
    "c77c73fc-465be2e8.jpg": {
        "tp": 7,
        "fp": 14,
        "fn": 2,
        "precision": 0.3333333333333333,
        "recall": 0.7777777777777778,
        "f1": 0.4666666666666667,
        "num_gt": 9
    },
    "c0568203-456be7fe.jpg": {
        "tp": 4,
        "fp": 5,
        "fn": 4,
        "precision": 0.4444444444444444,
        "recall": 0.5,
        "f1": 0.47058823529411764,
        "num_gt": 8
    },
    "c159a842-cdc7a8cd.jpg": {
        "tp": 5,
        "fp": 13,
        "fn": 5,
        "precision": 0.2777777777777778,
        "recall": 0.5,
        "f1": 0.35714285714285715,
        "num_gt": 10
    },
    "c4742900-5be69e5b.jpg": {
        "tp": 1,
        "fp": 7,
        "fn": 1,
        "precision": 0.125,
        "recall": 0.5,
        "f1": 0.2,
        "num_gt": 2
    },
    "c6ef5bc4-1ce53885.jpg": {
        "tp": 3,
        "fp": 5,
        "fn": 1,
        "precision": 0.375,
        "recall": 0.75,
        "f1": 0.5,
        "num_gt": 4
    },
    "c2c8b275-cd37b639.jpg": {
        "tp": 5,
        "fp": 3,
        "fn": 2,
        "precision": 0.625,
        "recall": 0.7142857142857143,
        "f1": 0.6666666666666666,
        "num_gt": 7
    }
}