{
    "c87a6aba-757a0a27.jpg": {
        "tp": 2,
        "fp": 3,
        "fn": 5,
        "precision": 0.4,
        "recall": 0.2857142857142857,
        "f1": 0.3333333333333333,
        "num_gt": 7
    },
    "bbce4e17-9ff136be.jpg": {
        "tp": 1,
        "fp": 0,
        "fn": 0,
        "precision": 1.0,
        "recall": 1.0,
        "f1": 1.0,
        "num_gt": 1
    },
    "c01c313b-e0b15fa2.jpg": {
        "tp": 2,
        "fp": 9,
        "fn": 3,
        "precision": 0.18181818181818182,
        "recall": 0.4,
        "f1": 0.25,
        "num_gt": 5
    },
    "bcaf73c1-9c01f981.jpg": {
        "tp": 12,
        "fp": 9,
        "fn": 5,
        "precision": 0.5714285714285714,
        "recall": 0.7058823529411765,
        "f1": 0.631578947368421,
        "num_gt": 17
    },
    "c58d52cb-63d66bf4.jpg": {
        "tp": 20,
        "fp": 17,
        "fn": 8,
        "precision": 0.5405405405405406,
        "recall": 0.7142857142857143,
        "f1": 0.6153846153846154,
        "num_gt": 28
    },
    "bb289fdb-b6763201.jpg": {
        "tp": 5,
        "fp": 6,
        "fn": 4,
        "precision": 0.45454545454545453,
        "recall": 0.5555555555555556,
        "f1": 0.5,
        "num_gt": 9
    },
    "c88a29cf-4acca487.jpg": {
        "tp": 10,
        "fp": 10,
        "fn": 1,
        "precision": 0.5,
        "recall": 0.9090909090909091,
        "f1": 0.6451612903225806,
        "num_gt": 11
    },
    "beff1d1c-cd927d17.jpg": {
        "tp": 11,
        "fp": 13,
        "fn": 3,
        "precision": 0.4583333333333333,
        "recall": 0.7857142857142857,
        "f1": 0.5789473684210527,
        "num_gt": 14
    },
    "ba6f0064-18848d0f.jpg": {
        "tp": 2,
        "fp": 10,
        "fn": 3,
        "precision": 0.16666666666666666,
        "recall": 0.4,
        "f1": 0.23529411764705882,
        "num_gt": 5
    },
    "c3968de8-bd6747f5.jpg": {
        "tp": 18,
        "fp": 11,
        "fn": 4,
        "precision": 0.6206896551724138,
        "recall": 0.8181818181818182,
        "f1": 0.7058823529411765,
        "num_gt": 22
    },
    "b99c5931-834bb88c.jpg": {
        "tp": 2,
        "fp": 5,
        "fn": 2,
        "precision": 0.2857142857142857,
        "recall": 0.5,
        "f1": 0.36363636363636365,
        "num_gt": 4
    },
    "c836d9b9-215a90eb.jpg": {
        "tp": 4,
        "fp": 4,
        "fn": 3,
        "precision": 0.5,
        "recall": 0.5714285714285714,
        "f1": 0.5333333333333333,
        "num_gt": 7
    },
    "bc308aee-b3a48c42.jpg": {
        "tp": 8,
        "fp": 7,
        "fn": 1,
        "precision": 0.5333333333333333,
        "recall": 0.8888888888888888,
        "f1": 0.6666666666666666,
        "num_gt": 9
    },
    "c4dab4e2-6c4805a2.jpg": {
        "tp": 2,
        "fp": 9,
        "fn": 3,
        "precision": 0.18181818181818182,
        "recall": 0.4,
        "f1": 0.25,
        "num_gt": 5
    },
    "b510fa10-390f3d97.jpg": {
        "tp": 5,
        "fp": 9,
        "fn": 0,
        "precision": 0.35714285714285715,
        "recall": 1.0,
        "f1": 0.5263157894736842,
        "num_gt": 5
    },
    "b4c86653-a1c9c48e.jpg": {
        "tp": 3,
        "fp": 4,
        "fn": 0,
        "precision": 0.42857142857142855,
        "recall": 1.0,
        "f1": 0.6,
        "num_gt": 3
    },
    "b60011a3-fff85077.jpg": {
        "tp": 8,
        "fp": 9,
        "fn": 4,
        "precision": 0.47058823529411764,
        "recall": 0.6666666666666666,
        "f1": 0.5517241379310345,
        "num_gt": 12
    },
    "b8c0d4a5-e8d3393a.jpg": {
        "tp": 9,
        "fp": 6,
        "fn": 0,
        "precision": 0.6,
        "recall": 1.0,
        "f1": 0.75,
        "num_gt": 9
    },
    "c77c73fc-465be2e8.jpg": {
        "tp": 7,
        "fp": 4,
        "fn": 2,
        "precision": 0.6363636363636364,
        "recall": 0.7777777777777778,
        "f1": 0.7,
        "num_gt": 9
    },
    "c0568203-456be7fe.jpg": {
        "tp": 7,
        "fp": 5,
        "fn": 1,
        "precision": 0.5833333333333334,
        "recall": 0.875,
        "f1": 0.7,
        "num_gt": 8
    },
    "c159a842-cdc7a8cd.jpg": {
        "tp": 8,
        "fp": 7,
        "fn": 2,
        "precision": 0.5333333333333333,
        "recall": 0.8,
        "f1": 0.64,
        "num_gt": 10
    },
    "c4742900-5be69e5b.jpg": {
        "tp": 1,
        "fp": 11,
        "fn": 1,
        "precision": 0.08333333333333333,
        "recall": 0.5,
        "f1": 0.14285714285714285,
        "num_gt": 2
    },
    "c6ef5bc4-1ce53885.jpg": {
        "tp": 2,
        "fp": 6,
        "fn": 2,
        "precision": 0.25,
        "recall": 0.5,
        "f1": 0.3333333333333333,
        "num_gt": 4
    },
    "c2c8b275-cd37b639.jpg": {
        "tp": 4,
        "fp": 19,
        "fn": 3,
        "precision": 0.17391304347826086,
        "recall": 0.5714285714285714,
        "f1": 0.26666666666666666,
        "num_gt": 7
    }
}